total_examples, overall_accuracy, false_positives_num, false_negatives_num, true_negatives_num, true_positives_num, threshold
728160, 0.7621763534311062, 2820, 28704, 77598, 23430, 0.7271069
728160, 0.7660163558452532, 2151, 28864, 78267, 23270, 0.7271069
