total_examples, overall_accuracy, false_positives_num, false_negatives_num, true_negatives_num, true_positives_num, threshold
300000, 0.8847321076196568, 59, 8411, 34152, 30859, 0.45027566
300000, 0.8869503681223718, 35, 8272, 34176, 30998, 0.45027566
