total_examples, overall_accuracy, false_positives_num, false_negatives_num, true_negatives_num, true_positives_num, threshold
300000, 0.9353166124576421, 1686, 3067, 32525, 36203, 0.6718836
300000, 0.9619493474503613, 432, 2364, 33779, 36906, 0.6718836
