total_examples, overall_accuracy, false_positives_num, false_negatives_num, true_negatives_num, true_positives_num, threshold
728160, 0.9146297302190838, 3223, 8093, 77195, 44041, 0.4014088
728160, 0.924754058784477, 2279, 7695, 78139, 44439, 0.4014088
