total_examples, overall_accuracy, false_positives_num, false_negatives_num, true_negatives_num, true_positives_num, threshold
728160, 0.6892163075623151, 4404, 36791, 76014, 15343, 0.2618958
728160, 0.689578429597441, 2832, 38315, 77586, 13819, 0.2618958
