total_examples, overall_accuracy, false_positives_num, false_negatives_num, true_negatives_num, true_positives_num, threshold
728160, 0.9370133985152996, 1545, 6804, 78873, 45330, 0.66574764
728160, 0.9524714828897338, 586, 5714, 79832, 46420, 0.66574764
