total_examples, overall_accuracy, false_positives_num, false_negatives_num, true_negatives_num, true_positives_num, threshold
300000, 0.8085899756399614, 2073, 11992, 32138, 27278, 0.8636890501857375
300000, 0.8152039302676882, 1475, 12104, 32736, 27166, 0.8636890501857375
