total_examples, overall_accuracy, false_positives_num, false_negatives_num, true_negatives_num, true_positives_num, threshold
728160, 0.9244221135856117, 1612, 8406, 78806, 43728, 0.51405704
728160, 0.9399330074235017, 625, 7337, 79793, 44797, 0.51405704
