total_examples, overall_accuracy, false_positives_num, false_negatives_num, true_negatives_num, true_positives_num, threshold
728160, 0.9304801134649043, 1704, 7511, 78714, 44623, 0.54298747
728160, 0.9459910073027944, 717, 6442, 79701, 45692, 0.54298747
