total_examples, overall_accuracy, false_positives_num, false_negatives_num, true_negatives_num, true_positives_num, threshold
300000, 0.7510649011309046, 9566, 8726, 24645, 30544, 0.4384014
300000, 0.7817122793647338, 7486, 8554, 26725, 30716, 0.4384014
