total_examples, overall_accuracy, false_positives_num, false_negatives_num, true_negatives_num, true_positives_num, threshold
728160, 0.9042564427545416, 5128, 7563, 75290, 44571, 0.606205
728160, 0.9188318546683566, 3898, 6861, 76520, 45273, 0.606205
